PMID,GT_Mutations,PubMind-tmVar3_pro_Mutations,TP,FP,FN,Adjusted,Comment,
12636044,{'Ala1492withanAsp'},{'Ala1492Asp'},1,0,0,1,,
12719097,{'terminationatcodon1524'},{'Ala1524Valfs*'},0,1,1,,,
12729343,{'D543N'},set(),0,0,1,,,
12752111,{'codonCD26GAG>GAA'},set(),0,0,1,,,
12791036,{'R238X'},set(),0,0,1,,,
12898858,{'M235T'},set(),0,0,1,,,
12925722,"{'glycinesubstitutionatcodon154', 'glycineforanasparticacidresidueatcodon262'}",{'Asp262Gly'},1,1,1,1,,
14510914,"{'lackingthefiveterminalaminoacidsofexonXI439443', 'del439443'}",{'439443del'},2,0,0,1,same mutations,
14709355,{'spcodonatresidue178'},{'Arg178*'},1,0,0,1,,
14722925,{'N34S'},set(),0,0,1,,,
15064320,{'R227Q'},"{'Arg227Gln', 'Thr219fs*'}",1,1,1,1,,
15111599,"{'deletionofglycine91', 'DeltaG91'}",{'Gly91del'},2,0,0,1,same mutations,
15481887,"{'codon29,GGC>AGC', 'codon26,GAG>GCG'}","{'Glu26Ala', 'Gly29Ser'}",2,0,0,1,PubMind translate codon into amino acid directly,
15607529,{'tyrosinecodoninaspcodonatcodon612'},{'Tyr612*'},1,0,0,1,,
15642853,"{'R396G', 'G284R'}",set(),0,0,2,,,
15768551,{'GTT>GCTtransitionatcodon23'},{'Val23Ala'},1,0,0,1,,
15820770,"{'GAT>GAGsubstitutionreplacesasparticacidglutamicacidincodon416', 'ACG>AAGsubstitutionincodon420'}","{'Thr420Lys', 'Asp416Glu'}",2,0,0,1,,
15837627,{'V617F'},{'Val617Phe'},1,0,0,1,,
15867855,{'157delMTTTVP'},set(),0,0,1,,,
16000134,{'Glu272sp'},{'Glu272*'},1,0,0,1,,
16005363,{'AFF344345ins'},set(),0,0,1,,,
16379540,"{'S589N', 'D110H'}",set(),0,0,2,,,
16410744,{'codon787CAG/CAA'},set(),0,0,1,,,
16822828,"{'V311fs', 'D487S488F489deletion', 'Y329fs'}",set(),0,0,3,,,
16840830,"{'mutationatcodon418ofexon9GAC>TAT', 'AGtransitionatcodon557AAG>GAG'}","{'Asp418Tyr', 'Lys557Glu'}",2,0,0,1,,
17003923,"{'Arg353Gln', 'Val34Leu'}",set(),0,0,2,,,
17050029,{'prolineserinesubstitutionatcodon38'},{'P38S'},1,0,0,1,,
17083016,"{'glutaminewithlysineatresidue223', 'lysineatresidue223'}",{'Gln223Lys'},2,0,0,1,,
17292585,"{'A174D', 'N334K', 'A149P'}",set(),0,0,3,,,
17595233,"{'D299G', 'P631H'}",set(),0,0,2,,,
17628794,{'valineValalanineAlasubstitutionataminoacid16'},{'Val16Ala'},1,0,0,1,,
17868390,{'spcodonatposition372'},{'truncationatposition372'},1,0,0,1,,
18046082,"{'prolineresidueforarginineresidueatposition150', 'arginine150proline'}",{'Arg150Pro'},2,0,0,1,,
18050247,"{'C203S', 'N673S'}",set(),0,0,2,,,
18779591,"{'Ile146>Leu', 'I146L'}",{'Ile146Leu'},2,0,0,1,,
19067809,{'M235'},set(),0,0,1,,,
19298002,{'2aspartate2Asp2alanine2Ala'},{'2Asp2Ala'},1,0,0,1,,
19429592,"{'E299sp', 'G289sp', 'E169sp', 'S522fs525sp'}","{'E299*', 'S522fs*525', 'E169*', 'G289*'}",4,0,0,1,,
19473658,{'deletionoftwosuccessiveadenineresiduesincodon138'},{'Asn138Argfs*41'},1,0,0,1,,
19561170,{'Thr111'},set(),0,0,1,,,
20026870,{'A1166'},set(),0,0,1,,,
20143913,{'R315X'},{'frameshiftstartingataminoacid300'},0,1,1,,,
20227423,"{'Cys704', 'Ser704Cys', 'Ser704'}",set(),0,0,3,,,
20335448,"{'arginine714', 'arginineglutamineatposition714', 'arginineglutamineataminoacidposition714'}",{'Arg714Gln'},2,0,1,1,,
20606392,{'R211H'},set(),0,0,1,,,
20801104,{'1240L/S'},set(),0,0,1,,,
20854438,"{'G86R', 'glycineargininesubstitutionataminoacid86'}",{'Gly86Arg'},2,0,0,1,,
21042587,"{'arginineCGAaspTGAataminoacid469', 'R469[R,X]'}",{'R469*'},2,0,0,1,,
21099701,"{'glycineatposition303glutamicacid', 'G303E'}",{'Gly303Glu'},2,0,0,1,,
21130517,{'L858R'},set(),0,0,1,,,
21325775,"{'arginineresiduefortheprolineresidueatposition158', 'Arg158Pro'}",{'Pro158Arg'},1,1,1,1,,
21406173,{'E441G'},{'Glu441Gly'},1,0,0,1,,
21615796,{'HisArgsubstitutionataminoacid161'},{'His161Arg'},1,0,0,1,,
21666969,{'codon435Thr'},set(),0,0,1,,,
21542403,"{'634cysteine', 'D1017N', 'cysteineradicalmutationatthe620position'}","{'691', 'C620', 'D1017N', '432', 'C634'}",3,2,0,1,,
14979495,"{'Arg753Gln', 'Arg753GLn', 'arginineglutaminesubstitutionatresidue753polymorphism', 'arginineglutaminesubstitutionatresidue753'}",{'Arg753Gln'},4,0,0,1,,
15609295,"{'changesasparagine86foralanineandeliminatesaminoacids87,88,and89arginine,threonine,andproline', 'Asn45Ser', 'asparagineAACforserineAGCatresidue45'}","{'Asn86Asn89del', 'Asn45Ser'}",3,0,0,1,,
16181814,"{'A467T', 'E873sp', 'E873TAG'}","{'A467T', 'E873*'}",3,0,0,1,TAG is stop codon,
21080147,"{'lysineforglutamicacidataminoacid325', 'alanineforprolineataminoacid286', 'E325K'}","{'P286A', 'E325K'}",3,0,0,1,,
12915882,"{'Arg139', 'His113', 'argininehistidineatresidue139', 'His139', 'Tyr113', 'histidinetyrosineatresidue113'}","{'His113Tyr', 'Arg139His'}",2,0,4,,,
15485686,"{'V1764M', 'I1762A', 'V1763M'}",{'V1763M'},1,0,2,,,
16843501,"{'Ser326Cys', 'Ser>Cyssubstitutionatthecodon326', 'Ser1245Cys'}",{'Ser326Cys'},2,0,1,1,,
17000021,"{'Ralleleatcodon620', 'Walleleatcodon620', 'R620W'}",{'R620W'},1,0,2,,,
17002658,"{'R4Q', 'Arg4'}","{'R4Q', 'del50aminoacidsintheproteasedomain'}",1,1,1,,,
19881468,"{'Ser326Cys', '326fromSerCys', 'Cys326'}",{'Ser326Cys'},2,0,1,1,,
20846357,"{'Ala88Val', 'Asp50Asn', 'alanineforvalineatposition88'}",{'Ala88Val'},2,0,1,1,,
19370764,"{'G204VfsX17', 'G204VfsX28', 'W111X', 'T286M', 'G204K247del'}","{'G204K247del', 'G204VfsX28'}",2,0,3,,,
12915397,"{'A55V', 'Ala55Val'}",{'Ala55Val'},2,0,0,1,,
14673473,"{'V30M', 'Val30Met'}",{'Val30Met'},2,0,0,1,,
14708104,"{'F1129X', 'spatcodon1129'}",{'F1129X'},1,0,1,,,
15018851,"{'N495K', 'L501I'}","{'591,p.592', 'N495K', '594', 'L501I'}",2,2,0,,,
15041272,"{'R1306W', 'Arg1306Trp'}",{'R1306W'},2,0,0,1,,
15086325,{'Gly2079Val'},"{'*689', 'Gly2079Val'}",1,1,0,,,
15198485,"{'LysAsnatposition198', 'Lys198Asn'}",{'Lys198Asn'},2,0,0,1,,
15200509,"{'spcodonatthe246residue', 'Tyr246X'}",{'Tyr246X'},2,0,0,1,,
15459183,"{'232Thr', 'Ile232Thr', '232Ile'}","{'Ile232Thr', '49aminoacidchangesinthemembranedistalportionoftheextracellulardomain'}",2,1,1,,,
15667541,"{'Glu29Lys', 'E29K'}",{'Glu29Lys'},2,0,0,1,,
16051693,"{'V175M', 'Met/Metatresidue175'}",{'V175M'},2,0,0,1,,
16088915,"{'Arg792Gly', 'arginineataminoacid792acodonforglycine'}",{'Arg792Gly'},2,0,0,1,,
16216473,"{'prolineserinesubstitutionatcodon155', 'P155S'}",{'P155S'},2,0,0,1,,
16252083,"{'Asn>Sersubstitutionatcodon127', 'Gly322Asp', 'Asn127Ser', 'Gly>Aspchangeatcodon322'}","{'Asn127Ser', 'Gly322Asp'}",4,0,0,1,,
16277682,"{'M404V', 'methionine>valinesubstitutionatcodon404'}",{'M404V'},2,0,0,1,,
16953235,"{'T11', 'I11T'}",{'I11T'},1,0,1,,,
16989765,"{'His158Arg', 'histidine158'}",{'His158Arg'},1,0,1,,,
17059986,"{'Ser555Leu', 'serineleucineataminoacidposition555'}",{'Ser555Leu'},2,0,0,1,,
17177139,"{'glutamicacid333asparticacid', 'E333D'}",{'E333D'},2,0,0,1,,
17221831,"{'serineglycineatposition51', 'G51S'}",{'G51S'},2,0,0,1,,
17391797,"{'Val175Met', 'V175M'}",{'Val175Met'},2,0,0,1,,
17549393,"{'tyrosinecodonataminoacidposition67inasp', 'Y67X'}",{'Y67X'},2,0,0,1,,
17615540,"{'T87M', 'threonineatposition87methionine'}",{'T87M'},2,0,0,1,,
17635946,"{'phenylalanineFleucineLsubstitutionataminoacidposition737', 'F737L'}",{'F737L'},2,0,0,1,,
17962394,"{'R229G', 'arginineataminoacidposition229glycine'}",{'R229G'},2,0,0,1,,
18257781,"{'phenylalaninethepolarhydrophiliccysteineinexon6atcodon482', 'F482C'}",{'F482C'},2,0,0,1,,
18397285,"{'L1503Q', 'L1503R'}",{'L1503R'},1,0,1,,,
18457324,"{'M244', 'V244', 'valine[V]methionine[M]substitutionatposition244', 'V244M'}",{'V244M'},3,0,1,1,,
18681856,"{'M453T', 'methionineATGthreonineACGatcodon453'}",{'M453T'},2,0,0,1,,
18806880,"{'E498V', 'glutamicacidforvalineatcodon498'}",{'E498V'},2,0,0,1,,
18827003,"{'asparticacidhistidinesubstitutionataminoacidposition401', 'D401H'}",{'D401H'},2,0,0,1,,
18945288,"{'Arg58fs', 'R58fs'}",{'Arg58fs'},2,0,0,1,,
19218574,"{'Ile326Ile', 'Met326Met', '326Ile', 'Met326Ile'}",{'Met326Ile'},2,0,2,,,
19365571,"{'spcodonforglutamineatcodon298', 'Q298X', 'codon358,tyrosinehistidine', 'Y358H'}","{'Q298X', 'Y358H'}",4,0,0,1,,
19929939,"{'terminationcodonataminoacidposition831', 'Cys817ValfsX15'}",{'Cys817ValfsX15'},2,0,0,1,,
20529581,"{'Asp300Val', 'AspValatthe300'}",{'Asp300Val'},1,0,1,,,
20806042,"{'argininetrypphanatcodon198', 'R198W'}",{'R198W'},2,0,0,1,,
21163864,"{'M235T', 'methioninethreoninesubstitutionatcodon235'}",{'M235T'},2,0,0,1,,
21897748,"{'V44M', 'valinemethionineatcodon44'}",{'V44M'},2,0,0,1,,
21903317,"{'W10R', 'trypphanargininesubstitutionataminoacid10'}",{'W10R'},2,0,0,1,,
21976953,"{'serineprolineatcodon1235', 'S1235P'}",{'S1235P'},2,0,0,1,,
22016685,"{'asparticacidwithglycineincodon506', 'Asp506Gly'}",{'Asp506Gly'},2,0,0,1,,
22188495,"{'Arg987Ter', 'arginineresidueatposition573terminationcodon'}",{'Arg987Ter'},1,0,1,,,
15623763,"{'Arg555Trp', 'glycine594valine', 'histidine626arginine', 'valine539asparticacid', 'Gly594Val', 'Val539Asp', 'deletionofvaline624,valine625', 'His626Arg', 'Leu269Phe', 'Arg124Cys', 'arginine555trypphan', 'Val624Val625del', 'Arg124Leu', 'arginine124cysteine', 'leucine269phenylalanine'}","{'Arg555Trp', 'Gly594Val', 'Val539Asp', 'His626Arg', 'Leu269Phe', 'Arg124Cys', 'Val624Val625del', 'Arg124Leu'}",15,0,0,1,,
15749661,"{'L490R', 'V561X', 'AVAQ594597deletion', 'C282Y', 'I238M'}","{'L490R', 'V561X', 'I238M'}",3,0,2,,,
15135245,"{'His3543Tyr', 'R3500W', 'R3531C', 'CAC3543TAC', 'Arg3500Gln', 'H3543Y', 'R3480W', 'R3500Q'}","{'R3500W', 'R3531C', 'H3543Y', 'R3480W', 'R3500Q'}",8,0,0,1,"His3543Tyr', 'CAC3543TAC', 'H3543Y' all the same",
20577006,"{'P799L', 'R594', 'P799', 'R594H', 'F471del'}","{'P799L', '[novelmutation17]', '[novelmutation1]', '[novelmutation2]', 'R594H', 'F471del'}",5,3,0,,,
21937424,"{'insertionmutationsaspartateatposition201', 'alanineatposition124', 'Arg114', 'R114A', 'A124ins', 'D201ins', 'R114H', 'R114K'}","{'R114A', 'A124ins', 'D201ins', 'R114H', 'R114K'}",8,0,0,1,,
12820697,"{'P261L', 'A182T', 'V330M'}","{'P261L', 'V330M'}",2,0,1,,,
14742428,"{'V69G', 'S133sp', 'H156Y', 'H391R', 'C219W'}","{'V69G', 'S133*', 'H156Y', 'H391R', 'C219W'}",5,0,0,1,sp and * the same,
14962306,"{'V1561M', 'V1561', 'M1561'}",{'V1561M'},2,0,1,,,
16419642,"{'L809L', 'S810L', 'F826Y'}","{'S810L', 'F826Y'}",2,0,1,,,
16644711,"{'Tyr1306Cys', 'Cys1306', 'Tyr1306'}",{'Tyr1306Cys'},2,0,1,,,
17327131,"{'Asp218Asn', 'Gln266His'}","{'Asp218Asn', 'prematurespcodoninexon2', 'Gln266His'}",2,1,0,,,
18166824,"{'M200V', 'P29S', 'prolinewithapolaraminoacidserineatposition29'}","{'M200V', 'P29S'}",3,0,0,1,,
15770495,"{'R266W', 'G196S', 'V89L', 'G183S', 'A207D', 'Q126R', 'G158R', 'A49T', 'R246W'}","{'R266W', 'G196S', 'IVS3+1G>A', 'G183S', 'V89L', 'del418T', 'A207D', 'del642T', 'Q126R', 'G158R', 'A49T', '217218insC', 'R246W'}",9,4,0,,,
19276632,"{'Tyr428Tyr', 'Ser424Ser', 'Ala88Thr'}","{'Tyr428Tyr', 'Ser424Ser', 'Ala[33]Ala[33]insAla', 'Ala88Thr'}",3,1,0,,,
16256386,"{'S349A', 'L367L', 'Q267E', 'G346R', 'F302fsX39', 'R400K', 'Y154H', 'R243Q', 'R157I', 'R111X', 'Q267H', 'Y356X', 'I38fsX19', 'R157K', 'R413P', 'T200fsX6'}","{'R400K', 'IVS4+3G>C', 'R413P', 'G346R', 'R157I', 'R111X', 'Y356X', 'I38fsX19', 'R157K', 'T200fsX6', 'S349A', 'L367L', 'IVS12+4A>G', 'F302fsX39', 'Y154H', 'R243Q', 'EX696A>G', 'Q267E', 'IVS12+6T>A', 'Q267H'}",16,4,0,,,
18672102,"{'P407Q', 'A442V', 'A6V', 'S429T', '46delS', 'E359K', 'P163S'}","{'P407Q', 'A442V', 'A6V', 'S429T', 'E359K', 'P163S'}",6,0,1,,,
12750403,{'573X'},{'HCN4573X'},1,0,0,,,
12809638,"{'R84Q', 'C488R'}","{'R84Q', 'C488R'}",2,0,0,,,
12862311,"{'R497X', 'Q1169X', 'R295C'}","{'R497X', 'Q1169X', 'R295C'}",3,0,0,,,
14510916,{'A68P'},{'A68P'},1,0,0,,,
14576201,{'R1851Q'},{'R1851Q'},1,0,0,,,
15069170,"{'Thr60Met', 'Leu849His', 'Ala569Val', 'Met1Leu', 'Arg642Cys'}","{'Thr60Met', 'Leu849His', 'Ala569Val', 'Met1Leu', 'Arg642Cys'}",5,0,0,,,
15122711,"{'Glu873Sp', 'Ala467Thr'}","{'Glu873Sp', 'Ala467Thr'}",2,0,0,,,
15148206,{'Arg135Ser'},{'Arg135Ser'},1,0,0,,,
15191352,{'I280S'},{'I280S'},1,0,0,,,
15200408,"{'Ala7Val', 'Pro154Ala'}","{'Ala7Val', 'Pro154Ala'}",2,0,0,,,
15205584,{'W486C'},{'W486C'},1,0,0,,,
15304120,"{'Y486D', 'G71R', 'P229Q', 'P364L'}","{'Y486D', 'G71R', 'P229Q', 'P364L'}",4,0,0,,,
15316799,{'Phe>Seratcodon15'},{'Phe>Seratcodon15'},1,0,0,,,
15649253,{'L50R'},{'L50R'},1,0,0,,,
15668505,{'N372H'},{'N372H'},1,0,0,,,
15680411,"{'R194W', 'R399Q', 'T241M', 'I134T'}","{'R194W', 'R399Q', 'T241M', 'I134T'}",4,0,0,,,
15710861,{'F219V'},{'F219V'},1,0,0,,,
15754732,"{'Q536X', 'R171Q', 'P291A', 'D418D', 'L89R'}","{'Q536X', 'R171Q', 'P291A', 'D418D', 'L89R'}",5,0,0,,,
15880727,"{'A150P', 'N335K', 'R60X', 'C178R', 'A175D', 'Y204X', 'L284P'}","{'A150P', 'N335K', 'C178R', 'R60X', 'A175D', 'Y204X', 'L284P'}",7,0,0,,,
16046395,{'N40D'},{'N40D'},1,0,0,,,
16152606,{'R215W'},{'R215W'},1,0,0,,,
16157158,"{'Cys23Ser', 'Cys23Ser23'}",{'Cys23Ser'},2,0,0,,,
16167150,{'Ala55Val'},{'Ala55Val'},1,0,0,,,
16186368,"{'K386T', 'S482X'}","{'K386T', 'S482X'}",2,0,0,,,
16211251,{'Glu4Lys'},{'Glu4Lys'},1,0,0,,,
16288197,{'Q48H'},{'Q48H'},1,0,0,,,
16418600,{'F366L'},{'F366L'},1,0,0,,,
16525586,"{'Ser413Leu', 'Arg260His', 'Ser263Phe', 'Tyr547fs', 'Val414Phe', 'Ser290/Ala291fs', 'Tyr69X'}","{'Ser413Leu', 'Arg260His', 'Ser263Phe', 'Tyr547fs', 'Val414Phe', 'Ser290/Ala291fs', 'Tyr69X'}",7,0,0,,,
16543197,{'G1103R'},{'G1103R'},1,0,0,,,
16601880,"{'D880V', 'H775R', 'R337X', 'E153X', 'T187K', 'N533Y', 'R424X', 'S957P', 'H651R', 'V705M', 'R373W', 'R966G', 'T830M', 'R461Q', 'S132W', 'R236X', 'T269M', 'N732K', 'A841P', 'E270X', 'G171A', 'R212K', 'C644F', 'Y138F', 'I440N', 'G771R'}","{'D880V', 'H775R', 'R337X', 'E153X', 'T187K', 'N533Y', 'R424X', 'S957P', 'H651R', 'V705M', 'R373W', 'R966G', 'T830M', 'R461Q', 'S132W', 'R236X', 'T269M', 'N732K', 'A841P', 'E270X', 'G171A', 'R212K', 'C644F', 'Y138F', 'I440N', 'G771R'}",26,0,0,,,
16628674,{'V1188E'},{'V1188E'},1,0,0,,,
16911351,{'Asp216His'},{'Asp216His'},1,0,0,,,
16970763,"{'His43Arg', 'Leu103Val'}","{'His43Arg', 'Leu103Val'}",2,0,0,,,
17192049,{'Ile462Val'},{'Ile462Val'},1,0,0,,,
17250663,"{'D572N', 'D572H'}","{'D572N', 'D572H'}",2,0,0,,,
17273972,{'H194Q'},{'H194Q'},1,0,0,,,
17372760,"{'L638', 'L638P'}",{'L638P'},2,0,0,,,
17671735,"{'R32W', 'R127H'}","{'R32W', 'R127H'}",2,0,0,,,
17683901,{'G380R'},{'G380R'},1,0,0,,,
17910065,{'R47W'},{'R47W'},1,0,0,,,
17951029,{'E300X'},{'E300X'},1,0,0,,,
17990063,{'T3708fs3769'},{'T3708fs3769'},1,0,0,,,
18164595,{'N970S'},{'N970S'},1,0,0,,,
18189233,"{'R462Q', 'K294E', 'D541E'}","{'R462Q', 'K294E', 'D541E'}",3,0,0,,,
18266724,{'Thr105Ile'},{'Thr105Ile'},1,0,0,,,
18270997,{'Val158Met'},{'Val158Met'},1,0,0,,,
18372165,{'Arg153X'},{'Arg153X'},1,0,0,,,
18385794,"{'Ser157Ser', 'Asp291Asn', 'Pro184ArgfsX19', 'Gln193Gln', 'Glu104X'}","{'Ser157Ser', 'Asp291Asn', 'Pro184ArgfsX19', 'Gln193Gln', 'Glu104X'}",5,0,0,,,
18410548,{'Y248del'},{'Y248del'},1,0,0,,,
18470323,{'R124C'},{'R124C'},1,0,0,,,
18606230,"{'R1858X', 'Y1854X'}","{'R1858X', 'Y1854X'}",2,0,0,,,
18791947,{'Ser39'},{'Ser39Argfs*12'},1,0,0,,,
19012332,{'Arg282Trp'},{'Arg282Trp'},1,0,0,,,
19110214,"{'D2267N', 'D2267'}",{'D2267N'},2,0,0,,,
19129715,"{'C60S', 'L244F'}","{'C60S', 'L244F'}",2,0,0,,,
19223935,"{'Ser863Asn', 'Leu203fsX15', 'Glu98X'}","{'Ser863Asn', 'Leu203fsX15', 'Glu98X'}",3,0,0,,,
19404517,{'N45S'},{'N45S'},1,0,0,,,
19429807,{'G1315R'},{'G1315R'},1,0,0,,,
19592582,"{'P686fs', 'A118D'}","{'P686fs', 'A118D'}",2,0,0,,,
19728872,{'Arg641His'},{'Arg641His'},1,0,0,,,
19766614,{'S124fsX127'},{'S124fsX127'},1,0,0,,,
19781362,{'R298Q'},{'R298Q'},1,0,0,,,
19808398,{'A1180V'},{'A1180V'},1,0,0,,,
19918264,{'Gly388Arg'},{'Gly388Arg'},1,0,0,,,
20019594,"{'S173fsX174', 'E180K', 'R194S', 'D157fsX158', 'C152G'}","{'S173fsX174', 'E180K', 'R194S', 'D157fsX158', 'C152G'}",5,0,0,,,
20086182,"{'D302H', '302H'}",{'D302H'},2,0,0,,,
20331852,{'R68C'},{'R68C'},1,0,0,,,
20454699,{'C119Y'},{'C119Y'},1,0,0,,,
20534142,{'N221D'},{'N221D'},1,0,0,,,
20534762,"{'C105Vfs114X', 'C88Y'}","{'C105Vfs114X', 'C88Y'}",2,0,0,,,
20583543,"{'R246Q', 'G196S', 'A27fsX132'}","{'R246Q', 'G196S', 'A27fsX132'}",3,0,0,,,
20648600,"{'I195M', 'E164D', 'V173L', 'M204V', 'L180M'}","{'sE164D', 'rtV173L', 'sI195M', 'rtM204V', 'rtL180M'}",5,0,0,,,
20693575,{'695X'},{'695X'},1,0,0,,,
20738799,{'I597T'},{'I597T'},1,0,0,,,
20949073,{'E831X'},{'E831X'},1,0,0,,,
21126715,{'Ile262fs'},{'Ile262fs'},1,0,0,,,
21405999,{'Glu155Asp'},{'Glu155Asp'},1,0,0,,,
21559944,{'Val35AlafsX25'},{'Val35AlafsX25'},1,0,0,,,
21682595,"{'399Gln', 'Arg399Gln'}",{'Arg399Gln'},2,0,0,,,
21684788,{'P136L'},{'P136L'},1,0,0,,,
21699520,"{'R962T', 'E947sp'}","{'R962T', 'E947sp'}",2,0,0,,,
21738389,{'Pro246HisfsX13'},{'Pro246HisfsX13'},1,0,0,,,
21850008,"{'M237T', 'K237N', 'S45P'}","{'M237T', 'K237N', 'S45P'}",3,0,0,,,
21879313,{'Arg70'},{'Arg70'},1,0,0,,,
21904390,"{'Ser119fsX', 'S216P'}","{'Ser119fsX', 'S216P'}",2,0,0,,,
22042570,"{'T540del', 'V903GfsX905', 'E362X'}","{'T540del', 'V903GfsX905', 'E362X'}",3,0,0,,,
22051099,{'S276T'},{'S276T'},1,0,0,,,
22104738,{'Leu307Arg'},{'Leu307Arg'},1,0,0,,,
22106692,"{'R32Q', 'E137D', 'E101K', 'Y156H'}","{'R32Q', 'E137D', 'E101K', 'Y156H'}",4,0,0,,,
22180037,{'Ile105Val'},{'Ile105Val'},1,0,0,,,